{
  "__inputs": [
    {
      "name": "DS_PROMETHEUS",
      "label": "Prometheus",
      "description": "",
      "type": "datasource",
      "pluginId": "prometheus",
      "pluginName": "Prometheus"
    },
    {
      "name": "DS_POSTGRESQL",
      "label": "PostgreSQL",
      "description": "",
      "type": "datasource",
      "pluginId": "postgres",
      "pluginName": "PostgreSQL"
    }
  ],
  "__elements": {},
  "__requires": [
    {
      "type": "grafana",
      "id": "grafana",
      "name": "Grafana",
      "version": "10.2.0"
    },
    {
      "type": "datasource",
      "id": "postgres",
      "name": "PostgreSQL",
      "version": "1.0.0"
    },
    {
      "type": "datasource",
      "id": "prometheus",
      "name": "Prometheus",
      "version": "1.0.0"
    },
    {
      "type": "panel",
      "id": "stat",
      "name": "Stat",
      "version": ""
    },
    {
      "type": "panel",
      "id": "table",
      "name": "Table",
      "version": ""
    }
  ],
  "annotations": {
    "list": [
      {
        "builtIn": 1,
        "datasource": {
          "type": "grafana",
          "uid": "-- Grafana --"
        },
        "enable": true,
        "hide": true,
        "iconColor": "rgba(0, 211, 255, 1)",
        "name": "Annotations & Alerts",
        "type": "dashboard"
      }
    ]
  },
  "editable": true,
  "fiscalYearStartMonth": 0,
  "graphTooltip": 0,
  "id": null,
  "links": [],
  "liveNow": false,
  "panels": [
    {
      "datasource": {
        "type": "prometheus",
        "uid": "${DS_PROMETHEUS}"
      },
      "fieldConfig": {
        "defaults": {
          "color": {
            "mode": "thresholds"
          },
          "mappings": [],
          "noValue": "0",
          "thresholds": {
            "mode": "absolute",
            "steps": [
              {
                "color": "green",
                "value": null
              },
              {
                "color": "red",
                "value": 1
              }
            ]
          }
        },
        "overrides": []
      },
      "gridPos": {
        "h": 20,
        "w": 3,
        "x": 0,
        "y": 0
      },
      "id": 8,
      "options": {
        "colorMode": "value",
        "graphMode": "none",
        "justifyMode": "auto",
        "orientation": "horizontal",
        "reduceOptions": {
          "calcs": [
            "lastNotNull"
          ],
          "fields": "",
          "values": false
        },
        "textMode": "value_and_name"
      },
      "pluginVersion": "10.2.0",
      "targets": [
        {
          "datasource": {
            "type": "prometheus",
            "uid": "${DS_PROMETHEUS}"
          },
          "editorMode": "code",
          "expr": "sum by (host_name) (round(delta(notifications_service_response_count_total{response_type!~\"Ok\"}[$__range])))",
          "instant": false,
          "legendFormat": "{{response_type}}",
          "range": true,
          "refId": "A"
        }
      ],
      "title": "Notification Endpoint (Error)",
      "type": "stat"
    },
    {
      "datasource": {
        "type": "postgres",
        "uid": "${DS_POSTGRESQL}"
      },
      "fieldConfig": {
        "defaults": {
          "custom": {
            "align": "auto",
            "cellOptions": {
              "type": "auto"
            },
            "inspect": false
          },
          "mappings": [],
          "thresholds": {
            "mode": "absolute",
            "steps": [
              {
                "color": "green",
                "value": null
              },
              {
                "color": "red",
                "value": 80
              }
            ]
          }
        },
        "overrides": []
      },
      "gridPos": {
        "h": 20,
        "w": 3,
        "x": 3,
        "y": 0
      },
      "id": 14,
      "options": {
        "cellHeight": "sm",
        "footer": {
          "countRows": false,
          "fields": "",
          "reducer": [
            "sum"
          ],
          "show": false
        },
        "showHeader": true
      },
      "pluginVersion": "10.2.0",
      "targets": [
        {
          "datasource": {
            "type": "postgres",
            "uid": "${DS_POSTGRESQL}"
          },
          "editorMode": "code",
          "format": "table",
          "rawQuery": true,
          "rawSql": "WITH \n\tall_groups AS (\n\t\tSELECT \n\t\t\t'group'|| unnest as group_id \n\t\tFROM \n\t\t\tunnest(array[1, 2, 3, 4, 5, 6, 7, 8, 9, 10, 11, 12, 13])\n\t\tUNION ALL\n\t\tSELECT 'landau'\n\t),\n\tmissing_groups AS (\n\t\tSELECT \n\t\t\tag.group_id\n\t\tFROM\n\t\t\tdemo.notification_ground_truth gt\n\t\tCROSS JOIN \n\t\t\tall_groups ag\n\t\tLEFT JOIN\n\t\t\tdemo.notification n\n\t\t\tON gt.measurement_id = n.measurement_id AND gt.experiment_id = n.experiment_id\n\t\t\t\tAND n.group_id = ag.group_id\n\t\tWHERE \n\t\t\tgt.insert_timestamp BETWEEN $__timeFrom() AND $__timeTo()  \n\t\t\tAND n.group_id IS NULL\n\t\tGROUP BY \n\t\t\tag.group_id\n\t)\nSELECT \n\tgroup_id\nFROM \n\tmissing_groups\nORDER BY \n\tCASE\n\t\tWHEN regexp_replace(group_id, '[a-z]', '', 'g') != '' THEN\n\t\t\tCAST(regexp_replace(group_id, '[a-z]', '', 'g') AS INTEGER)\n\t\tELSE\n\t\t\t0\n\tEND",
          "refId": "A",
          "sql": {
            "columns": [
              {
                "parameters": [],
                "type": "function"
              }
            ],
            "groupBy": [
              {
                "property": {
                  "type": "string"
                },
                "type": "groupBy"
              }
            ],
            "limit": 50
          }
        }
      ],
      "title": "Groups Missing Notifications",
      "type": "table"
    },
    {
      "datasource": {
        "type": "postgres",
        "uid": "${DS_POSTGRESQL}"
      },
      "fieldConfig": {
        "defaults": {
          "custom": {
            "align": "auto",
            "cellOptions": {
              "type": "auto"
            },
            "inspect": false
          },
          "mappings": [],
          "thresholds": {
            "mode": "absolute",
            "steps": [
              {
                "color": "green",
                "value": null
              },
              {
                "color": "red",
                "value": 80
              }
            ]
          }
        },
        "overrides": []
      },
      "gridPos": {
        "h": 20,
        "w": 3,
        "x": 6,
        "y": 0
      },
      "id": 15,
      "options": {
        "cellHeight": "sm",
        "footer": {
          "countRows": false,
          "fields": "",
          "reducer": [
            "sum"
          ],
          "show": false
        },
        "showHeader": true
      },
      "pluginVersion": "10.2.0",
      "targets": [
        {
          "datasource": {
            "type": "postgres",
            "uid": "${DS_POSTGRESQL}"
          },
          "editorMode": "code",
          "format": "table",
          "rawQuery": true,
          "rawSql": "\nSELECT \n\tgroup_id\nFROM \n\tdemo.notification_ground_truth gt\nLEFT JOIN\n\tdemo.notification n\n\tON gt.measurement_id = n.measurement_id AND gt.experiment_id = n.experiment_id\nWHERE \n\tn.measurement_id IS NOT NULL\n\tAND gt.insert_timestamp BETWEEN $__timeFrom() AND $__timeTo() \n\tAND n.latency > 10\nGROUP BY\n\tn.group_id\nORDER BY \n\tCASE\n\t\tWHEN regexp_replace(n.group_id, '[a-z]', '', 'g') != '' THEN\n\t\t\tCAST(regexp_replace(n.group_id, '[a-z]', '', 'g') AS INTEGER)\n\t\tELSE\n\t\t\t0\n\tEND",
          "refId": "A",
          "sql": {
            "columns": [
              {
                "parameters": [],
                "type": "function"
              }
            ],
            "groupBy": [
              {
                "property": {
                  "type": "string"
                },
                "type": "groupBy"
              }
            ],
            "limit": 50
          }
        }
      ],
      "title": "# Groups > 10s",
      "type": "table"
    },
    {
      "datasource": {
        "type": "prometheus",
        "uid": "${DS_PROMETHEUS}"
      },
      "fieldConfig": {
        "defaults": {
          "color": {
            "mode": "thresholds"
          },
          "links": [
            {
              "title": "Navigate to group dashboard",
              "url": "https://grafana.cc2023.4400app.me/d/d496b29e-14e1-4ec7-b6ae-9b078ba8c81e/group-view?orgId=1&var-group=${__field.labels.host_name}&from=${__from}&to=${__to}"
            }
          ],
          "mappings": [],
          "noValue": "0",
          "thresholds": {
            "mode": "absolute",
            "steps": [
              {
                "color": "green",
                "value": null
              },
              {
                "color": "red",
                "value": 0
              }
            ]
          }
        },
        "overrides": []
      },
      "gridPos": {
        "h": 20,
        "w": 4,
        "x": 16,
        "y": 0
      },
      "id": 3,
      "options": {
        "colorMode": "value",
        "graphMode": "none",
        "justifyMode": "auto",
        "orientation": "horizontal",
        "reduceOptions": {
          "calcs": [
            "lastNotNull"
          ],
          "fields": "",
          "values": false
        },
        "textMode": "value_and_name"
      },
      "pluginVersion": "10.2.0",
      "targets": [
        {
          "datasource": {
            "type": "prometheus",
            "uid": "${DS_PROMETHEUS}"
          },
          "editorMode": "code",
          "expr": "sum by (host_name) (\n  round(\n    delta(\n      http_load_generator_response_count_total{endpoint=\"/temperature\", response_type!~\"Ok\"}[$__range]\n    )\n  )\n)",
          "instant": false,
          "legendFormat": "{{host_name}}",
          "range": true,
          "refId": "A"
        }
      ],
      "title": "Temperature (Error)",
      "type": "stat"
    },
    {
      "datasource": {
        "type": "prometheus",
        "uid": "${DS_PROMETHEUS}"
      },
      "fieldConfig": {
        "defaults": {
          "color": {
            "mode": "thresholds"
          },
          "links": [
            {
              "title": "Navigate to group dashboard",
              "url": "https://grafana.cc2023.4400app.me/d/d496b29e-14e1-4ec7-b6ae-9b078ba8c81e/group-view?orgId=1&var-group=${__field.labels.host_name}&from=${__from}&to=${__to}"
            }
          ],
          "mappings": [],
          "noValue": "0",
          "thresholds": {
            "mode": "absolute",
            "steps": [
              {
                "color": "green",
                "value": null
              },
              {
                "color": "red",
                "value": 0
              }
            ]
          }
        },
        "overrides": []
      },
      "gridPos": {
        "h": 20,
        "w": 4,
        "x": 20,
        "y": 0
      },
      "id": 16,
      "options": {
        "colorMode": "value",
        "graphMode": "none",
        "justifyMode": "auto",
        "orientation": "horizontal",
        "reduceOptions": {
          "calcs": [
            "lastNotNull"
          ],
          "fields": "",
          "values": false
        },
        "textMode": "value_and_name"
      },
      "pluginVersion": "10.2.0",
      "targets": [
        {
          "datasource": {
            "type": "prometheus",
            "uid": "${DS_PROMETHEUS}"
          },
          "editorMode": "code",
          "expr": "sum by (host_name) (\n  round(\n    delta(\n      http_load_generator_response_count_total{endpoint=\"/temperature/out-of-bounds\", response_type!~\"Ok\"}[$__range]\n    )\n  )\n)",
          "instant": false,
          "legendFormat": "{{host_name}}",
          "range": true,
          "refId": "A"
        }
      ],
      "title": "Out of Bounds (Error)",
      "type": "stat"
    }
  ],
  "refresh": "5s",
  "schemaVersion": 38,
  "tags": [],
  "templating": {
    "list": []
  },
  "time": {
    "from": "now-3h",
    "to": "now"
  },
  "timepicker": {},
  "timezone": "",
  "title": "Error Overview",
  "uid": "b70e0b86-ee08-43bd-a96b-46bd53b52231",
  "version": 9,
  "weekStart": ""
}
