{
  "db_name": "PostgreSQL",
  "query": "\n            INSERT INTO \n                demo.notification (experiment_id, measurement_id, group_id, latency) \n            VALUES \n                ($1, $2, $3, $4)\n            ON CONFLICT\n                DO NOTHING;\n            ",
  "describe": {
    "columns": [],
    "parameters": {
      "Left": [
        "Text",
        "Text",
        "Text",
        "Float8"
      ]
    },
    "nullable": []
  },
  "hash": "92564372eb446065b0e80a766a908f42442a0dfc664d72ba924a9c6db897d1f0"
}
